{
  "IsEncrypted": false,
  "Values": {
    "FUNCTIONS_WORKER_RUNTIME": "python",
    "AzureWebJobsFeatureFlags": "EnableWorkerIndexing",
    "FUNCTIONS_EXTENSION_VERSION": "~4",
    "APPLICATIONINSIGHTS_CONNECTION_STRING": "InstrumentationKey=dbb2ed86-6e84-419c-8ae9-7a553be946d3;IngestionEndpoint=https://westus2-2.in.applicationinsights.azure.com/;LiveEndpoint=https://westus2.livediagnostics.monitor.azure.com/;ApplicationId=558cdd50-1924-448b-a51b-3c11282e720e",
    "WEBSITE_CONTENTAZUREFILECONNECTIONSTRING": "DefaultEndpointsProtocol=https;AccountName=imagestore11;AccountKey=tQq6KQ8Wan+D/lcf9SfkD0Szv+UaxarEfNjgWTwh1jmpx0nSmCeiXR+N7KhzQW6ngvF78MYft7ry+AStP13ypQ==;EndpointSuffix=core.windows.net",
    "WEBSITE_CONTENTSHARE": "imageprocessor186ff",
    "AzureWebJobsStorage__accountName": "imagestore11"
  },
  "ConnectionStrings": {}
}